Id,Predicted
3753,5.099
2533,9.220
3483,5.099
622,2.000
6044,5.831
3759,10.630
1442,6.708
4242,11.045
5952,9.220
2626,8.062
2544,10.000
815,2.828
3473,5.099
5329,4.472
1602,6.083
2344,12.806
5551,6.708
1970,3.000
5957,1.414
2786,10.296
2541,4.472
1000,4.123
1449,6.325
3869,6.083
5766,2.000
1097,3.000
4182,9.849
2869,5.099
2408,8.062
4810,5.385
4508,6.325
2576,13.601
928,20.025
1361,25.080
3683,7.071
3229,4.000
1072,5.385
5545,4.123
3739,1.000
850,7.616
4129,5.000
3835,4.123
4676,10.000
3758,9.055
4776,18.111
4135,6.403
5592,8.062
3255,10.000
767,11.402
3723,12.166
403,5.385
4221,11.314
573,8.944
2885,3.162
4367,6.325
5362,9.220
5887,6.708
3318,20.125
3695,6.083
1799,6.000
282,5.000
3766,3.606
5268,7.616
349,8.544
3556,3.606
5066,8.062
726,6.000
359,5.000
1152,5.385
807,5.657
4378,7.000
613,6.403
2129,7.810
3562,7.071
51,7.211
2044,9.220
3568,18.974
1784,18.028
4757,21.213
64,10.440
253,8.544
2311,11.402
3053,14.318
1623,12.083
4345,8.246
1703,8.246
515,17.000
2677,6.403
4462,6.000
5537,9.220
2628,8.602
466,10.000
659,12.649
4799,11.045
5985,10.296
5437,13.000
606,5.099
4424,11.180
2894,16.125
4314,5.000
121,9.849
524,8.944
2779,10.817
1733,14.560
1466,21.190
35,7.280
4570,4.123
2804,4.472
2911,17.720
5548,5.831
487,3.162
4236,2.236
80,7.211
2212,3.606
4087,5.657
4535,1.414
2901,9.220
3578,11.705
2840,10.050
5194,2.236
3841,31.048
4332,39.850
1090,32.985
2962,19.416
2330,5.000
3310,11.402
1920,9.434
4602,10.000
1828,12.530
5767,10.000
3328,9.055
1866,23.345
5137,15.264
2691,24.739
3430,13.892
3078,14.318
1839,4.123
1662,2.828
689,19.799
3381,9.849
1651,11.314
4667,11.402
5727,17.692
5231,36.235
409,5.657
407,5.385
1481,29.017
4188,15.033
4373,6.083
292,33.941
684,5.831
2354,6.403
5052,11.402
137,6.708
2175,11.402
1964,2.236
1708,6.403
4708,8.062
2564,9.899
3448,9.434
3391,10.050
4994,7.071
691,15.297
5311,7.280
3662,12.369
1485,24.187
3149,19.723
2256,10.198
1640,6.000
4665,4.123
2936,3.162
5650,7.071
1411,9.434
4682,12.000
447,6.708
4694,15.133
5612,12.042
4904,17.692
1236,12.000
2545,2.236
7,12.530
3092,5.000
4224,7.071
1004,12.166
1009,9.220
3959,14.318
1780,16.031
4947,4.472
1093,12.000
107,16.279
2182,16.279
3600,10.000
132,18.788
4074,11.662
3302,11.180
1720,14.142
5047,10.440
4412,11.402
4970,7.071
2032,4.472
5472,13.153
3309,9.220
498,12.806
3330,13.038
5775,8.485
1103,46.487
100,4.123
4893,6.325
13,5.000
4211,7.071
2464,6.000
5683,65.795
123,6.083
2276,6.000
5434,25.318
4736,14.142
4950,34.438
4340,11.180
4422,28.231
3657,12.649
4238,59.211
4,19.026
5113,21.840
5690,45.793
5898,7.280
5841,14.318
540,18.028
5793,6.403
4851,12.728
5890,4.123
5846,23.324
5864,18.439
597,12.166
3388,30.150
5965,19.925
2366,6.325
4890,10.198
4059,7.810
5991,3.606
1663,6.708
1092,6.325
1755,11.045
1810,8.544
443,18.385
849,27.857
1889,9.487
3105,5.831
4595,6.708
3426,4.123
1261,24.739
4800,13.000
5605,8.544
4636,3.606
4299,3.606
2287,6.403
4109,13.153
2394,6.325
4725,13.601
1391,7.071
1207,13.000
1293,6.083
2810,21.471
5144,9.487
1414,13.000
4640,10.000
748,8.246
5787,20.616
2132,4.472
3181,14.142
404,68.600
6012,12.000
4542,3.606
2645,9.487
2097,18.111
1794,5.000
1520,4.472
2413,6.083
5955,14.560
643,12.728
830,6.708
2550,5.000
3115,12.369
341,8.544
3506,2.236
5391,10.000
3202,8.062
201,8.062
5680,14.213
5971,9.434
4032,6.708
5720,5.385
1671,14.318
3293,10.440
2814,4.472
999,8.062
5334,9.487
5058,8.602
5355,7.211
1386,6.403
704,12.042
4735,18.000
4105,10.440
4868,10.198
2151,18.000
3897,10.000
4502,7.071
5940,13.038
4165,12.042
2376,13.454
2614,13.601
1601,11.180
1445,8.544
179,13.038
2145,10.000
1588,13.038
593,4.472
5055,11.180
5908,9.055
4807,8.544
3010,6.083
109,6.325
4047,5.000
5463,7.000
87,10.630
260,10.440
2285,3.162
4293,7.280
3953,8.062
61,9.434
3860,13.416
2868,8.062
1034,5.000
4197,9.000
722,3.162
3407,5.831
5345,12.083
6025,6.403
1573,11.000
5852,4.123
5447,9.434
745,6.403
1690,5.385
2908,6.708
2668,3.606
3777,8.944
1270,10.296
2831,7.000
4124,5.831
234,5.000
2497,9.055
99,10.050
2571,15.133
2417,7.000
400,8.602
5236,7.810
4172,6.325
985,9.220
2484,5.099
1606,12.042
5219,22.000
5805,4.123
2877,3.162
2616,4.243
766,3.606
3126,7.071
2482,7.280
4002,7.616
4629,5.000
2199,2.236
5477,6.403
3297,2.000
958,2.236
2249,5.099
5467,14.422
6091,8.246
1322,13.153
1770,12.530
149,4.243
1633,9.220
3842,4.472
927,7.211
40,10.770
1469,15.264
4415,4.123
5930,11.180
2419,12.806
4372,9.849
4025,4.243
2670,11.045
3691,12.530
4813,13.038
4295,17.029
420,11.180
178,8.544
1197,12.166
3673,17.464
1062,10.440
386,23.195
1336,4.472
55,14.142
1262,12.207
1268,7.000
4633,10.817
713,14.765
4927,6.083
1609,3.606
6023,18.000
1513,8.944
2086,6.000
1549,13.454
4875,6.403
4573,6.000
3206,3.162
868,4.243
5239,7.071
5282,4.243
4527,8.246
4175,16.125
4638,6.083
3191,3.162
5069,4.123
5375,3.162
1781,5.385
81,9.220
2853,24.187
1182,4.123
4279,16.031
1764,3.000
2538,63.071
2221,28.443
1409,19.698
1957,4.472
5253,18.974
1123,24.698
2215,47.297
1338,19.925
2200,32.573
3383,60.216
3060,16.125
4536,12.530
3204,24.166
2692,2.236
159,34.713
4143,29.530
1702,16.763
5034,4.472
5740,16.492
5719,27.659
3464,14.318
441,14.765
2644,13.454
2301,13.601
1930,15.000
3498,6.403
5821,12.000
3999,8.062
232,13.038
1647,21.024
245,19.723
3952,8.246
5906,22.472
5079,10.000
4998,7.000
2872,11.402
2702,30.265
1319,22.023
5543,9.055
4784,8.000
996,20.616
3863,10.198
180,10.198
113,12.000
1750,22.825
5634,7.211
5905,7.071
2023,10.000
3107,3.162
5076,9.055
3046,10.440
5649,15.556
3966,6.403
3016,37.336
5880,62.817
177,25.000
4690,34.670
1818,2.236
5559,6.403
2405,8.602
1394,26.173
1962,73.389
5641,29.411
3038,33.242
759,12.000
5901,8.246
526,4.000
5947,21.213
3960,1.414
5320,18.000
2950,10.198
5951,1.414
1745,20.396
3536,11.662
5926,8.602
3793,9.055
3151,11.662
4560,22.361
2557,6.708
1096,2.828
4451,10.770
26,3.162
4116,7.810
560,8.485
5267,9.899
4008,15.033
578,5.385
926,15.811
5933,10.630
505,11.402
3790,6.403
1504,8.485
4704,2.236
3530,6.325
1064,7.071
5960,13.038
1118,9.220
5157,8.944
3247,6.708
2605,5.831
3626,10.000
465,6.403
220,9.220
4710,3.606
2130,4.123
645,9.220
5369,8.544
2207,10.000
152,22.825
800,7.071
380,17.720
2949,5.831
5215,12.042
3398,9.055
2480,12.083
910,8.246
5262,8.485
1629,6.403
4741,4.123
2488,7.000
4449,7.810
154,3.000
3006,3.606
3379,5.831
3461,6.000
4698,9.434
4770,7.000
2110,18.358
2703,8.544
4610,8.944
4678,9.434
5110,15.652
4942,6.403
1747,5.000
4579,5.657
2751,6.403
3005,13.416
117,2.828
5858,11.180
5753,7.616
5483,7.810
6004,4.243
5565,16.643
2167,10.050
3717,6.325
3840,7.071
3404,23.854
4359,26.476
2991,7.071
3287,6.083
4664,6.708
768,15.264
4383,6.403
2600,19.000
2618,26.907
2881,26.173
1911,8.246
2196,2.000
1666,35.511
4853,12.083
1916,21.401
1550,2.236
3304,2.236
5657,8.246
3674,3.606
2774,8.062
2828,19.105
1385,16.553
193,12.369
5169,2.236
4392,13.153
1527,5.099
658,35.468
4794,6.083
4926,14.422
414,21.095
296,14.142
6016,7.810
1823,3.606
5315,8.944
672,6.325
6021,5.099
1906,15.620
4004,4.000
2361,9.899
2323,12.530
4320,8.246
3233,8.544
1619,21.000
1673,10.440
1896,2.236
3883,15.811
3854,27.203
5691,8.062
4210,6.325
3859,10.000
1201,10.817
1061,13.928
5707,19.925
4262,13.928
5222,7.071
2091,11.314
5886,25.807
2,5.099
4914,24.759
2155,2.236
5202,79.101
2787,5.000
5409,7.280
4763,15.652
5503,30.676
5500,32.650
249,50.160
2771,14.142
3098,4.472
4255,13.038
5043,11.000
1327,14.422
1060,10.198
311,13.038
4478,18.439
4440,21.471
5659,10.630
326,11.662
5560,15.652
3500,9.220
5871,14.765
2559,11.045
4138,7.071
5626,4.243
4272,6.083
3668,7.810
971,5.000
1698,9.487
5509,9.000
822,3.162
361,2.236
383,5.000
2575,1.414
4778,6.403
651,7.211
6000,15.133
4653,7.071
6111,5.831
826,2.828
5444,7.810
4935,5.831
3054,8.246
4329,11.000
6086,1.414
1276,6.708
2535,7.211
4052,7.810
1758,8.944
1441,3.162
1724,10.000
1897,5.000
2995,7.071
3857,10.000
1574,9.434
2829,8.602
3428,14.213
3814,6.403
3934,10.296
1592,7.071
3331,7.211
2889,8.602
5123,9.000
6038,6.000
3570,6.083
1857,15.264
2141,30.414
2594,4.472
705,8.062
1187,9.487
3833,13.342
5653,9.055
4975,14.866
300,7.071
1644,11.402
3223,21.213
5486,9.899
5808,9.220
3443,15.000
2208,13.038
6112,33.242
75,50.249
617,26.870
1148,10.440
5081,34.928
4589,17.029
5105,93.048
5765,3.162
1923,63.151
3184,87.464
1071,70.178
3781,13.038
4688,45.011
4829,24.698
5875,16.125
254,5.657
3286,30.150
2732,2.000
271,10.198
2379,26.077
2432,52.000
5810,33.121
5932,11.180
5834,3.606
3087,8.062
2001,12.000
1656,9.434
4180,20.000
3880,54.424
4173,63.008
3967,45.541
233,83.869
4557,61.270
2415,134.737
2214,165.194
2684,146.014
1178,93.723
6013,135.473
4466,159.013
3702,255.290
221,156.029
1999,93.107
1496,45.618
4931,105.849
48,88.119
3025,147.122
1424,1.414
4648,15.000
925,38.588
570,14.213
4235,98.478
4000,13.000
783,68.542
1358,41.110
2396,19.647
907,12.083
3509,62.008
5433,16.125
4324,14.422
1447,71.505
4689,116.017
1185,116.400
2411,72.863
4649,265.228
761,509.624
5782,124.808
5277,93.509
2866,45.277
4183,158.398
3601,85.604
5084,75.000
3700,121.149
116,185.723
4036,198.285
2144,2.236
2128,180.737
2608,36.674
2400,136.741
1155,74.887
5302,100.245
192,195.064
2241,361.931
760,503.016
3449,252.765
3501,96.026
3845,111.018
1412,60.638
1829,30.463
27,101.045
4152,50.537
2591,117.427
5735,69.051
2014,19.313
1477,42.059
1269,66.940
5250,40.460
3268,16.279
5100,28.460
1578,52.393
2579,45.354
31,35.847
4193,21.378
151,9.487
5761,11.180
4273,11.180
2060,6.708
701,8.000
4469,11.705
5156,13.454
3000,12.166
5428,3.162
4029,11.180
3139,3.606
1802,5.831
145,4.000
207,3.000
2158,3.606
5336,6.083
4056,2.828
5558,8.944
2339,5.657
4019,7.000
2632,9.849
819,1.414
2368,6.325
5977,10.198
1433,11.045
20,7.071
667,13.038
84,6.083
452,18.682
2009,18.974
5728,7.211
4241,11.662
5187,8.246
5027,9.055
368,9.220
3275,11.180
1762,4.123
3213,11.180
2059,7.616
3590,7.280
1876,10.817
5527,5.385
4977,13.038
2430,17.464
1325,22.804
4769,5.000
5417,9.849
3350,10.050
3161,8.000
4972,6.708
1135,7.211
285,12.530
5891,6.403
823,9.434
2548,8.062
3479,11.402
4892,3.606
1313,28.160
3329,41.195
350,24.515
4071,61.984
2437,28.302
355,10.000
686,56.294
4216,20.125
4806,10.000
4718,10.050
168,18.385
6115,3.606
2271,6.325
3942,7.071
3669,8.246
832,16.763
1529,11.045
3408,13.153
1304,17.692
522,8.602
1556,7.810
2665,7.211
3776,9.849
5608,12.083
3963,9.434
3433,10.630
5667,13.601
2063,20.000
1934,15.232
3136,10.050
362,13.038
3457,13.454
584,1.000
4945,8.602
393,33.838
2704,46.840
4733,10.198
488,11.180
3374,12.042
1005,16.643
5285,4.123
3851,7.616
5151,2.236
4347,6.325
4489,8.246
5175,15.652
2791,9.434
6039,11.662
1830,11.705
46,9.055
1343,6.000
92,3.000
1514,6.708
2046,4.243
4499,7.810
5569,15.000
2638,7.616
5340,10.000
419,13.454
3694,7.616
4459,7.616
1955,8.485
111,31.890
3504,10.630
470,3.000
4467,18.028
4318,17.205
5476,1.414
4575,12.207
4344,8.485
6017,28.018
2194,26.401
5730,9.434
818,6.000
4033,12.649
5419,28.320
3503,78.447
2074,13.928
3221,14.142
2240,18.358
2192,6.325
3815,10.630
170,5.385
1945,18.111
4178,8.602
1018,9.487
189,9.055
6078,5.099
1025,8.246
3775,7.071
2637,11.402
5738,10.770
3321,11.705
4142,9.849
5078,10.000
1544,9.487
3787,18.028
4099,6.708
4932,10.440
2882,7.071
1470,7.000
3113,4.000
335,12.530
5227,15.232
5606,10.630
5514,1.414
1503,9.434
1113,9.434
242,14.142
2534,14.560
1936,8.544
2966,6.708
2233,5.385
1454,10.198
3174,2.828
2653,8.062
1932,3.162
2476,5.831
4179,4.243
2718,8.944
270,13.000
344,7.810
5460,7.211
1437,18.028
134,10.817
4303,9.899
4389,7.071
1213,9.220
1279,5.831
569,11.662
468,13.454
4871,9.220
750,4.472
1616,10.770
4149,16.031
4382,8.485
5258,10.630
700,7.071
3421,15.264
3862,5.831
3853,7.071
5507,24.413
2206,6.325
3904,18.868
1035,42.000
4973,21.378
496,14.142
2788,14.318
5283,9.849
521,19.209
3186,27.659
5856,57.454
2124,25.807
5070,29.547
5815,70.520
4959,38.013
3171,2.828
1725,10.630
1215,25.612
4862,7.280
4722,8.062
3615,14.866
4286,4.243
4661,11.314
2888,54.745
2297,16.492
2239,5.099
1907,10.198
801,13.038
5589,2.236
5953,7.280
3970,9.220
314,8.062
2509,4.472
153,18.111
3902,31.623
5083,12.369
566,18.358
683,9.434
1489,5.000
4635,19.849
4657,12.207
2956,15.620
5217,4.123
3471,38.079
57,10.296
3522,10.817
1793,12.083
76,6.403
4519,7.211
1114,6.325
1254,25.495
1349,9.220
1615,12.166
3551,10.198
2051,8.602
5449,21.378
908,32.202
1501,8.062
2582,8.544
5104,10.296
4818,8.944
3538,7.000
2495,10.050
60,12.000
2463,7.211
5410,7.616
216,11.705
1557,6.403
5510,1.414
4450,9.899
2307,10.440
3645,9.055
1154,14.000
502,5.099
558,4.472
4231,12.649
181,13.601
6094,4.472
382,6.083
1778,4.123
1822,8.544
2342,4.472
5145,4.472
227,4.000
119,5.831
5022,9.000
4939,9.849
2113,5.657
5209,9.055
4548,5.385
4044,12.806
1953,24.021
2900,5.099
1163,13.038
2138,16.031
3451,16.971
4080,22.472
5903,35.355
446,27.586
5568,13.153
4803,64.031
842,60.407
2356,6.083
5897,43.046
2024,8.246
1492,18.601
2909,47.011
854,89.828
2087,28.460
1786,5.385
4408,7.000
3435,4.472
4471,7.616
535,21.633
2069,25.080
1991,37.121
3089,6.403
1759,19.105
3718,4.243
3801,4.472
1586,14.142
1693,6.708
342,9.487
4699,10.440
4524,7.071
2602,5.000
2542,19.000
4767,3.000
5879,12.083
4962,6.083
5986,26.077
697,7.280
2126,7.616
1461,6.708
5743,8.000
4368,7.000
4955,6.708
5929,9.434
4605,19.698
1767,18.028
5063,9.849
3019,13.601
937,11.180
4308,5.385
4423,5.385
3419,5.000
3935,9.487
2830,5.385
1905,11.045
103,10.296
5190,10.000
3018,11.402
5861,14.036
5671,25.080
53,10.000
4468,6.708
1130,30.414
1022,3.162
913,9.220
281,6.083
977,9.055
905,4.472
3560,12.806
2874,24.759
829,18.439
4582,21.024
3907,6.083
3027,5.099
6077,10.050
5813,9.055
3093,8.246
810,10.440
4874,8.544
1966,8.062
4985,17.117
3146,6.325
1360,6.403
4379,9.220
1711,17.804
1584,12.728
2327,7.211
1237,11.000
4659,5.385
2657,13.342
5824,13.454
5692,15.000
2461,17.692
2855,7.280
2244,30.067
3800,78.000
5244,4.472
817,8.246
5632,2.236
5665,9.487
3276,5.000
2164,6.708
5135,9.849
3367,5.099
4433,10.198
2648,8.062
4906,14.213
3225,13.000
1779,2.828
3903,14.866
5112,11.402
901,5.099
1598,19.105
2169,1.414
3922,4.123
4603,6.325
1577,4.243
476,29.411
3692,42.720
3644,22.561
4785,7.810
785,2.828
2753,5.657
5196,9.434
1053,6.403
1374,7.071
3744,14.213
397,18.385
3849,9.434
4672,6.325
4937,20.396
1582,16.279
619,7.280
2487,7.211
3876,12.000
6136,8.062
1211,23.345
5525,5.831
2324,5.099
2162,8.000
3032,15.264
457,18.439
1723,69.029
1782,15.524
3120,5.657
3227,81.123
5426,19.235
3155,7.000
2008,5.000
3262,22.627
2210,15.620
3916,24.207
771,9.487
3416,5.831
1706,13.416
1238,15.297
5067,39.962
4420,2.828
3792,12.530
882,17.464
919,155.081
1404,55.154
252,25.807
3868,23.195
4709,47.424
5368,8.544
183,23.259
3975,37.216
323,74.632
1086,1.000
3472,11.180
2620,26.401
3412,13.416
173,17.029
3273,5.831
917,10.198
5363,13.153
5064,45.651
4497,41.049
3207,16.971
4515,7.810
2232,19.925
209,7.280
3141,16.763
5615,13.038
5584,13.038
2267,14.422
5158,11.045
5937,3.606
5155,7.810
5756,13.153
5051,11.045
1428,22.361
3945,11.180
445,13.038
758,9.220
1626,8.544
4834,13.000
5403,19.698
3927,20.224
2523,5.099
2433,15.000
5661,8.062
664,4.243
1607,9.849
5319,10.770
2781,4.000
3989,18.358
3587,16.155
1734,12.649
114,9.899
1610,10.000
3649,3.000
2826,2.000
3099,5.831
1667,5.385
688,8.246
5816,9.000
3257,9.487
3521,10.770
6027,5.000
363,4.123
2057,5.099
940,5.831
2580,6.403
5310,11.402
202,9.434
4291,7.211
769,4.123
1173,16.155
2671,10.440
611,10.770
3931,10.050
1579,7.071
1122,7.280
681,10.050
5206,8.000
3608,13.038
6045,5.000
1016,7.211
2710,20.025
89,10.000
353,11.705
2941,1.414
5538,10.198
2243,13.000
2104,14.318
1001,5.000
3806,13.601
3736,11.180
4457,9.849
1234,7.616
4384,14.866
3685,10.000
776,7.280
4530,14.213
1108,3.162
1353,15.297
887,8.062
148,10.000
2372,7.810
1589,12.166
6135,4.472
1104,10.198
970,5.831
2729,9.000
2358,8.544
1940,6.325
5173,18.601
1976,5.657
4611,9.055
791,5.099
709,10.630
2427,2.828
5414,8.246
4486,8.062
3477,6.708
2469,8.062
1910,4.472
4154,5.000
706,6.000
4290,3.000
2943,9.487
268,5.000
5741,6.708
5714,14.142
2067,14.213
2738,16.492
5456,8.062
2649,4.472
5065,7.071
990,3.162
2808,3.000
1870,8.062
5684,14.422
2624,15.297
4426,6.083
2623,12.083
5567,6.403
226,5.000
520,5.831
1959,6.708
5068,4.123
2005,8.602
2446,7.810
3547,11.180
4643,6.083
102,4.123
3077,5.385
5795,13.000
71,4.472
211,4.000
1013,5.000
1718,2.236
856,3.606
4743,1.414
1362,7.071
735,1.414
4410,8.944
147,8.000
2079,5.385
4269,4.000
746,4.243
3628,4.000
5679,5.099
544,5.000
4514,7.280
1214,2.000
431,5.000
5636,14.318
4957,1.414
2209,3.606
4716,11.000
4403,24.413
106,6.403
2919,7.211
6074,15.232
3847,4.472
5096,11.402
3991,13.601
286,16.643
5745,10.630
5252,22.361
4983,7.211
3337,4.472
2077,15.033
3401,12.369
3923,12.000
3646,4.243
3173,4.243
4668,8.246
4028,8.246
1560,3.162
1359,12.369
1516,11.180
4860,6.325
1509,1.000
3033,11.180
3084,5.385
4066,10.198
3086,2.236
2142,1.414
5412,4.243
1553,6.403
4200,13.342
1459,5.831
1789,7.211
4612,7.280
1223,4.243
5197,4.243
6060,4.243
1628,12.530
1983,2.236
5154,3.000
4808,6.325
5997,4.123
3617,10.050
3749,13.416
1264,2.236
1138,7.810
283,5.831
4559,2.828
1210,14.866
4187,7.071
3422,11.402
2080,7.280
2752,7.616
4352,8.062
1511,8.944
6043,10.817
5676,10.000
5855,9.899
1769,10.198
1827,12.042
4045,16.031
1020,12.083
293,18.439
4738,10.296
1479,19.105
4713,6.083
319,3.000
2850,2.236
1813,7.211
2675,5.099
4266,8.944
3096,11.045
3919,21.213
5876,38.079
328,6.325
789,45.541
1137,24.413
3532,13.892
1646,4.123
3773,10.050
2131,2.828
1177,7.071
2270,1.000
3444,3.606
3169,4.243
4760,5.099
1812,10.296
2421,7.810
4840,8.544
3231,7.280
5621,7.071
1732,5.385
44,9.000
3278,24.515
3971,7.280
3785,17.205
1797,9.487
4495,6.708
6090,13.601
5784,9.000
5211,9.487
290,10.817
5241,13.928
3480,8.602
2472,3.162
369,12.000
4107,7.280
5973,15.000
916,10.296
1415,8.544
72,14.866
5768,18.682
3681,7.280
5234,13.454
4872,1.414
3796,1.000
1902,2.236
5399,3.606
607,2.236
5046,17.263
205,12.530
5383,17.263
2309,6.083
5644,12.806
6126,9.055
313,8.246
778,5.831
4628,16.279
4339,8.062
4930,9.055
2227,9.899
2685,18.248
3888,6.083
4438,29.547
3761,33.526
108,50.804
3898,41.146
2498,37.802
6130,23.601
661,4.000
4670,31.321
2622,10.817
4745,12.369
3675,6.325
2223,2.000
5054,1.000
5139,2.000
3712,1.000
4509,3.000
3607,1.414
4662,9.000
3226,5.000
2242,22.023
4675,34.482
4386,1.414
3911,7.810
5162,2.828
5165,1.414
394,3.606
4014,7.616
588,7.810
1664,11.045
3312,8.062
4192,18.028
2136,36.401
646,27.659
1289,35.355
4538,28.792
5029,33.838
4476,45.607
5627,57.940
5400,53.759
5672,40.460
2553,159.201
5118,71.449
1302,33.242
1087,107.005
1171,69.260
5489,72.560
4596,16.125
1434,115.974
1408,10.050
702,2.000
3214,2.828
3372,117.047
3170,27.295
1886,25.239
4110,19.105
5421,13.153
3059,6.403
3217,20.025
1927,4.472
4104,20.025
3882,22.472
4191,20.248
5946,26.926
3855,13.038
3353,16.279
1258,12.083
1719,17.029
698,11.180
1196,1.414
1805,5.831
3323,4.472
1031,10.000
2946,9.487
941,2.236
4615,3.606
3052,6.708
5191,10.630
5763,7.071
5101,6.000
2054,10.296
2985,8.246
5700,3.000
1151,14.422
5359,1.414
3377,3.606
126,6.083
714,12.369
4940,10.296
5989,12.369
2011,9.220
1721,6.000
4214,9.899
6008,12.530
3659,25.179
3914,8.062
5893,6.708
5148,19.416
1946,1.000
898,33.015
3976,17.464
3492,9.220
2348,12.083
3996,4.472
3593,9.849
1844,9.055
5001,8.485
1653,20.591
4186,10.630
2627,11.402
4826,12.207
6127,2.828
2847,9.055
2792,5.000
2439,8.000
542,14.213
5773,2.236
1558,4.000
1253,7.071
3977,13.000
1423,10.050
920,11.180
1956,9.487
5254,14.866
1377,17.464
5013,3.606
56,8.544
875,10.630
164,5.385
2387,8.602
4061,8.062
5062,13.928
5618,5.385
3192,10.000
5291,15.524
2952,14.866
2929,6.083
1590,19.647
6003,8.000
2347,12.530
1417,14.036
4922,7.280
3774,6.083
3243,20.025
4458,9.055
3162,8.246
3524,2.236
4097,7.810
3047,12.207
5556,7.211
4924,4.123
2898,6.403
4876,11.662
5387,5.099
5526,4.243
1518,5.000
4843,4.472
1217,6.000
4954,4.123
4823,10.770
2038,3.606
1522,4.000
1480,13.601
1021,7.810
274,14.422
2862,20.000
2846,9.899
5370,7.280
219,9.000
3738,4.472
5126,8.544
2667,15.652
5693,18.028
2204,10.050
3697,6.708
2734,15.652
5386,12.728
5668,13.038
4276,14.213
195,4.472
4891,7.211
5290,7.071
4376,3.606
4833,2.000
1252,11.180
4113,5.831
3598,11.662
395,10.770
786,3.000
877,7.000
6014,11.402
5980,7.280
1111,4.472
5877,16.763
4421,4.243
2295,14.142
1766,5.385
1699,13.928
2661,28.601
3539,27.803
4997,17.000
5440,12.649
4452,7.280
6103,10.000
1531,7.616
6001,12.083
19,6.708
5904,4.472
1188,12.083
563,18.358
3291,3.000
499,13.601
630,7.616
2861,11.180
5125,16.643
1474,10.296
38,17.692
3732,9.487
2418,12.728
1183,3.162
2993,7.616
982,31.401
3577,37.014
5179,14.213
612,7.071
935,13.928
3572,5.000
2455,5.099
1928,6.708
1591,9.220
1431,18.028
2422,8.062
4079,6.083
4254,4.472
6051,15.297
3767,13.601
1038,15.033
4283,12.042
2971,31.575
5384,6.708
3133,9.000
5251,6.000
5350,8.062
2780,22.361
1986,13.038
962,11.180
4877,9.220
4513,22.023
4296,18.111
6071,20.809
5176,17.720
5133,14.213
5333,12.083
3529,28.636
4500,4.123
2423,1.000
2913,9.899
2102,22.204
1731,23.537
1977,8.602
5393,23.537
228,25.080
5274,33.541
5411,19.105
5663,13.342
3752,19.026
865,63.514
1266,44.102
1490,15.000
3057,13.000
1676,10.198
1825,14.142
5628,15.811
787,15.133
4938,12.166
3808,19.925
4600,15.297
1808,13.038
2570,29.682
2951,13.601
493,19.105
586,12.042
2115,11.180
5488,6.000
633,9.849
3339,17.117
491,19.313
1191,10.000
4144,15.000
2264,5.000
4744,3.000
2187,15.297
4897,14.866
127,26.571
4046,5.831
1453,14.318
4271,12.042
5704,10.817
1943,4.123
1275,10.198
5035,13.454
82,6.083
5670,17.029
4911,18.111
1416,24.698
4212,17.029
4322,5.657
3699,17.088
5637,12.166
5348,6.083
2186,24.698
3357,8.602
5832,9.487
455,4.243
4335,5.657
4696,6.083
2191,23.707
2931,26.420
5744,8.062
3688,27.000
547,12.083
4215,7.071
3102,26.019
2532,18.028
4974,7.810
2839,34.525
1225,7.211
609,6.403
2942,11.180
3725,3.162
5520,7.000
1565,4.472
3281,13.416
2390,11.402
1915,4.472
4599,12.083
627,8.944
4064,8.544
433,2.236
4801,2.000
3894,9.220
5725,14.142
3558,3.162
5011,16.031
6133,11.180
5141,11.662
675,15.524
565,11.045
2731,4.000
5894,18.385
2823,16.031
5785,4.000
1285,12.806
2928,5.831
3454,8.544
5535,15.524
2370,12.042
5624,5.000
1815,7.071
4963,4.000
2595,5.099
2211,14.866
1063,14.866
1303,9.434
4496,23.259
736,11.402
5324,12.207
5117,7.616
3097,10.440
1791,10.000
2441,7.071
4407,18.248
3088,3.000
2817,8.544
1294,3.162
3178,3.000
4171,5.099
1809,11.705
3489,10.198
914,7.280
5811,7.071
3385,7.211
1841,11.705
5356,8.062
398,17.692
399,13.416
3039,15.264
356,23.087
95,13.038
303,14.765
5994,8.246
6092,12.369
5443,5.831
770,9.220
2697,14.866
2981,5.831
1054,13.601
3947,7.071
5969,3.162
5003,13.038
5371,9.220
4859,10.000
1835,7.071
2078,6.325
5865,12.369
1638,18.000
4058,5.000
325,9.220
3620,10.817
1806,15.524
747,12.207
5709,8.000
135,8.544
4023,14.422
2512,17.029
5138,7.211
1925,10.440
2621,14.866
1688,11.180
5847,3.162
2629,7.071
4051,17.493
2116,30.610
2118,10.630
844,8.602
129,22.804
5189,10.000
6106,9.899
6035,16.553
2040,4.000
141,16.031
2783,10.050
5508,14.765
2890,5.385
4357,11.662
104,12.042
3129,12.042
2983,9.220
729,4.000
2184,14.765
122,13.601
5360,14.866
3474,13.038
3476,12.207
4563,18.868
423,17.692
4984,11.180
1562,7.071
384,21.024
4762,9.220
581,6.403
1375,15.652
5688,28.018
2367,18.028
2517,10.770
1110,12.042
5878,7.810
1299,11.180
5737,2.828
5436,3.162
5817,6.325
3921,9.434
2585,3.000
3298,17.000
2262,6.708
4943,8.544
885,4.472
2713,5.385
843,14.318
4003,5.000
4601,12.042
3044,9.220
5228,7.071
1832,11.000
5917,10.296
2631,9.220
2565,15.620
677,21.633
5562,7.211
828,6.083
3729,7.000
944,7.211
1534,12.042
2678,7.810
2690,11.705
4846,19.105
5465,7.071
4540,6.000
3763,3.162
5464,12.042
5272,13.601
5988,12.083
3540,8.544
5265,18.111
5502,17.889
2938,8.944
5656,18.111
4484,8.485
1552,15.811
1363,3.606
3998,6.000
5915,12.000
1378,4.000
4297,5.831
3969,13.928
1056,6.708
3124,5.099
2739,11.000
449,7.000
555,16.279
5935,14.318
2452,16.643
331,5.831
3595,26.019
4683,7.280
2111,9.434
3462,12.042
255,15.811
1895,17.804
1484,6.325
3799,16.643
1594,14.000
5542,19.105
5557,10.050
5099,17.804
5578,13.601
2773,9.055
3580,9.000
5450,14.422
5273,19.209
1105,12.042
2473,10.630
5918,14.318
1884,18.028
5339,8.062
3140,8.944
635,12.649
3196,6.083
1106,7.616
5308,7.071
545,6.708
3358,21.095
2812,8.062
517,2.236
3295,4.243
3250,5.099
2784,11.000
2300,10.000
1388,17.088
1620,17.117
5696,29.000
5377,19.416
5658,17.464
5958,5.831
2574,9.849
811,2.236
3194,8.062
4742,27.203
1250,13.454
5902,14.866
4773,12.207
2973,9.220
1851,6.325
953,20.248
1099,25.179
3955,5.831
4005,21.378
4929,14.422
4275,12.806
1305,9.055
4010,11.180
2593,15.033
4766,9.000
5706,7.810
4715,10.630
3150,14.142
4240,8.485
1689,12.042
4358,22.136
4108,26.401
167,6.403
6062,9.220
5708,7.211
4223,6.083
3348,10.296
3557,9.220
1596,5.099
2918,7.211
518,9.055
4666,19.105
6037,23.345
5053,10.050
5006,8.062
3943,11.705
4377,9.849
1612,5.000
172,9.487
6101,20.100
1495,8.246
497,11.045
931,9.849
3359,4.123
4397,2.236
1655,9.487
3236,7.211
5950,10.000
2050,3.606
1008,15.620
2053,13.601
1209,7.280
47,14.000
1980,9.487
302,7.616
4631,12.806
4130,2.000
3678,12.042
835,8.944
1998,4.472
5976,9.899
5107,12.728
1413,23.770
4085,18.000
4777,12.083
1944,8.062
2163,11.180
2045,9.220
4546,3.606
6069,9.000
5134,14.765
895,13.601
4042,8.544
2745,17.720
3130,19.416
3469,8.062
775,15.033
1996,13.038
133,12.530
1639,9.849
4832,4.472
3866,11.180
1788,12.207
5009,8.544
3805,2.236
306,4.472
5954,3.606
1002,9.000
2549,12.166
4504,7.280
2522,10.050
1649,7.616
6073,9.434
4965,22.561
2195,6.708
4157,14.213
6019,4.123
295,9.220
5689,6.083
660,23.195
532,10.000
5504,14.866
3623,9.899
988,9.434
4941,10.198
1328,6.403
5195,19.416
5674,14.866
1460,8.246
4012,7.000
2395,7.616
5203,19.698
4038,8.246
1743,2.828
3535,8.246
6096,11.705
4506,21.401
1126,5.385
3279,5.000
238,2.828
4541,4.123
2601,8.944
1124,12.530
392,6.325
1390,12.728
4858,15.620
4787,20.518
792,9.000
4148,6.083
4309,13.454
4884,13.153
6114,5.831
3485,9.055
5358,7.280
2725,14.142
5610,7.071
4658,12.530
816,7.000
5457,6.708
5060,9.220
18,13.454
3879,13.000
1587,9.220
490,24.042
2486,7.071
2037,9.434
1700,13.038
5511,17.117
5394,13.342
1452,17.493
4034,33.136
4405,11.180
1162,7.211
1260,10.296
3392,23.854
3870,31.385
142,11.662
1216,10.630
2391,5.000
4660,8.246
5984,5.831
217,3.162
4900,10.817
3272,12.806
1678,11.180
4982,3.606
5533,3.606
6064,3.606
3672,7.810
4208,5.385
2705,6.403
2478,10.050
3957,5.099
806,11.402
1985,12.806
3439,17.263
2234,57.140
5600,50.289
2519,17.263
1265,23.195
5580,14.142
2468,10.770
6117,7.280
845,16.125
1984,13.601
5909,5.385
559,13.416
4119,12.083
2904,13.342
3187,9.487
3824,17.889
699,5.657
2290,7.280
2795,5.385
2273,18.974
5288,15.811
3438,24.698
421,11.180
5446,4.472
2709,11.180
2263,10.770
3406,13.038
1618,9.487
4623,13.153
3698,12.083
1847,19.647
2042,12.649
1864,1.414
2922,5.831
1914,11.705
5866,13.038
5445,9.849
4583,7.280
4361,35.847
6107,25.710
1882,5.000
3980,13.038
2429,6.325
3567,12.042
6028,6.083
3794,9.487
3342,8.544
3846,7.071
1117,15.133
4411,9.000
708,9.849
1684,21.024
3409,13.342
3072,5.000
3237,5.385
2291,10.296
2640,10.296
4434,10.440
682,14.866
2967,8.944
343,7.071
1709,5.831
5353,15.524
3653,12.369
1109,4.123
222,14.422
3576,7.071
1179,4.243
4850,5.385
568,2.236
5498,8.944
144,4.472
3544,12.042
4166,9.849
4839,5.385
3316,3.606
1476,8.062
4677,9.220
4824,7.071
5309,2.236
3228,7.071
4084,6.325
4609,6.403
4552,11.180
2280,5.657
1697,9.055
4155,12.806
5496,11.180
3811,8.246
5531,9.220
5519,15.133
3050,13.601
2166,10.000
4646,9.000
4194,12.083
2819,6.325
1406,2.236
1948,10.296
288,6.083
4209,8.062
3190,10.198
4921,2.000
3274,4.123
463,2.236
3684,5.000
3974,6.083
2794,7.071
1751,9.000
5983,8.062
3720,6.403
360,12.369
5018,7.280
4695,6.083
4263,5.000
5995,5.385
4115,15.133
4627,3.162
1547,8.246
3671,3.162
3823,8.944
3510,15.652
4590,31.064
1875,8.246
279,5.385
5873,7.280
2304,3.000
2036,13.038
1205,4.472
2477,5.831
3821,11.662
5441,13.416
3112,6.403
5423,8.544
3946,7.616
1077,12.000
1819,12.083
4302,4.243
4247,7.000
3656,2.000
4139,7.211
5822,4.472
1281,4.472
3203,5.000
1677,7.810
4494,5.831
1040,10.817
4065,15.264
2650,10.050
4968,5.831
4437,1.414
6097,11.314
963,1.000
3778,9.220
6079,5.385
669,7.616
2412,17.029
2149,9.220
2892,5.385
2345,8.544
3936,5.099
2066,6.325
4325,6.000
2968,11.662
2369,10.000
191,16.279
5092,13.038
4551,7.616
5494,7.810
2381,7.071
833,32.573
451,6.325
891,12.530
3200,5.831
94,7.810
456,6.325
4626,10.440
4233,16.031
3254,16.125
5458,23.345
4756,12.369
579,6.083
3306,1.414
5755,5.000
4060,10.050
873,6.325
2043,4.243
4980,7.000
3491,11.314
809,11.705
5620,10.440
416,3.606
2707,27.586
379,10.630
6098,36.222
3264,17.720
1012,8.062
4414,2.000
338,9.487
2592,11.402
5193,11.705
5715,9.220
5278,8.246
3822,7.000
5974,13.928
160,13.038
198,12.530
3360,7.071
5305,16.125
3193,19.026
1199,10.296
4169,12.207
5643,19.235
5712,14.560
4159,17.720
1369,12.207
3488,18.248
2337,21.260
4351,10.440
4089,9.220
719,14.000
4226,10.000
5885,11.314
3011,13.000
3071,29.275
5799,18.358
2754,8.062
2815,3.606
1608,5.000
5587,5.831
2569,1.414
2932,7.810
1233,7.211
4759,20.100
2315,11.045
2902,13.000
4574,6.708
4062,9.055
1954,20.100
4399,12.207
4428,23.022
4721,1.000
509,17.493
4095,3.606
2964,4.000
4356,5.657
4750,9.434
717,8.602
1912,3.162
2955,3.606
2897,9.220
2146,7.211
662,10.198
2635,3.162
381,3.162
5818,5.099
5276,9.899
773,14.000
3701,7.071
4869,14.000
1859,7.211
4607,5.385
4039,2.828
1,2.236
5422,2.236
146,4.000
4571,6.000
5717,6.403
5495,9.055
1067,5.099
2317,4.123
2561,4.000
3591,8.246
4693,6.083
4218,8.246
461,4.472
4338,4.000
5992,10.000
2428,3.000
3119,9.220
5987,5.000
3009,9.849
6065,4.243
618,7.000
2821,2.828
1425,7.616
1255,3.162
3355,5.000
3565,8.602
2965,4.472
2359,4.123
4841,3.000
1357,4.472
5823,5.657
1871,2.828
951,2.236
6061,3.000
2720,9.220
5122,2.828
1570,6.708
506,9.849
2201,13.928
2383,10.050
4647,14.142
892,10.000
6059,10.630
6055,13.892
15,8.602
5072,6.083
4809,7.071
1960,10.198
4026,11.402
979,8.246
2510,8.062
3612,8.246
1392,10.296
4353,15.556
2876,13.000
2062,11.180
4122,11.045
3431,9.220
5631,3.606
2065,5.385
2245,15.652
97,7.810
1840,1.414
218,3.606
3818,3.162
2856,6.403
3555,2.828
3252,4.243
2440,8.602
1134,12.649
1448,12.806
0,11.662
3220,12.369
3627,8.544
1243,37.443
1679,9.220
4321,4.472
5837,2.000
1500,3.606
4772,5.000
4017,10.817
6095,7.211
1438,16.125
2699,3.000
5396,8.062
4465,7.280
3085,5.831
2717,8.246
4796,22.000
4724,22.023
1003,8.944
2114,7.280
155,7.071
5279,13.416
231,9.220
2907,16.492
1246,11.402
5945,45.222
876,11.402
3349,15.000
3803,5.000
784,8.062
5044,13.454
315,16.553
438,6.403
3387,29.732
5921,47.854
1330,8.485
1420,7.616
6010,7.211
721,13.601
5406,16.763
3573,13.892
2425,1.414
5115,7.280
4861,5.385
2203,6.708
6050,4.123
2760,2.236
1320,6.083
2268,4.472
3772,8.062
1473,8.544
5199,5.099
2750,7.616
2406,2.828
889,5.000
1843,20.000
484,3.000
874,31.906
2299,4.000
5335,65.391
594,24.083
881,131.727
3289,14.866
6081,34.713
6088,9.055
2992,17.464
2106,38.897
3995,18.788
5056,21.000
194,18.788
448,17.117
5492,11.180
5245,10.817
5781,7.071
5323,3.162
3235,5.000
459,1.414
4126,1.414
5721,1.414
1326,6.000
1019,8.602
4294,4.472
277,3.162
5014,2.000
3795,2.236
5751,8.000
533,5.000
4156,5.099
1458,6.708
3782,9.849
4228,5.831
475,5.385
6007,4.123
2740,5.385
3637,6.083
2254,6.000
3394,16.000
2025,7.211
3850,6.708
2282,7.616
911,12.042
2790,11.705
8,5.099
598,9.055
5212,5.000
1775,23.259
1487,11.662
2100,5.831
4374,13.153
3563,5.099
6040,7.810
879,16.125
188,12.806
3158,9.487
1554,7.810
1657,19.925
1860,8.246
4106,5.000
2920,5.000
562,2.236
348,4.000
3848,4.123
4041,3.162
5033,7.071
1145,5.099
5582,2.828
1395,4.243
2642,5.385
1161,7.071
4287,12.369
3949,3.162
131,16.401
2230,5.000
4878,9.849
5404,12.207
2085,9.487
1988,5.385
5430,9.000
2134,12.530
2414,17.205
5023,6.325
1879,8.485
297,12.649
2436,5.831
3599,11.180
2588,5.385
3230,2.000
5338,5.657
2443,9.000
592,5.831
1127,7.211
450,10.817
3648,6.083
6052,9.220
5379,5.831
5724,16.643
1493,6.083
3280,8.944
2789,10.770
4134,9.220
5625,4.243
1335,11.314
631,4.123
5103,8.944
3771,15.264
4967,27.785
1089,12.728
74,13.416
3014,12.207
1399,9.055
358,6.403
3493,9.220
2139,2.236
4887,11.402
2820,43.417
2073,10.296
3356,8.062
4268,11.705
3322,5.831
5025,11.402
2213,5.385
2797,1.414
983,3.000
5598,5.099
3858,3.606
3283,8.246
3015,4.000
3061,9.487
204,16.155
3864,14.318
4918,6.403
5923,33.971
2696,36.401
291,13.454
4354,11.705
3216,13.000
641,13.153
4928,10.770
652,18.601
3861,36.056
6085,16.492
1462,14.142
4969,6.000
5130,3.162
2858,10.296
3743,5.831
918,5.099
5762,10.000
5695,4.243
5166,3.606
4568,7.071
4237,5.831
3528,9.434
1295,7.211
3245,4.243
2177,7.071
3365,12.649
5439,13.038
4553,7.810
5453,11.000
974,4.123
4207,5.831
987,5.385
2978,9.220
5949,9.055
2225,10.000
6084,10.770
1311,4.472
3100,7.810
3856,6.083
1753,11.662
5059,5.000
732,8.246
2101,7.280
2112,7.810
2403,7.280
4436,6.083
4123,6.000
4848,2.000
2537,7.211
2763,6.403
3722,7.071
6082,6.000
2329,9.055
485,6.403
2081,2.828
3361,5.000
5590,5.000
4198,4.000
310,2.236
1316,1.414
2719,2.000
5415,5.831
389,3.606
6006,6.708
1848,6.708
1625,7.616
1159,2.828
3205,8.000
4517,2.236
2373,6.083
3390,4.000
1287,8.544
4976,8.000
5002,13.416
1057,9.849
2805,7.810
989,5.000
4795,10.440
6076,5.000
5402,2.236
1694,9.220
4162,8.062
1974,8.544
5619,9.487
165,6.325
2610,6.083
5870,4.000
169,12.728
4706,14.560
4953,5.000
690,5.831
4316,3.606
1979,6.000
1641,10.630
2572,2.828
2371,7.211
2216,14.765
6109,6.403
1006,9.000
4642,10.296
1585,5.831
3001,5.657
3311,4.472
2766,6.325
523,6.000
6131,5.000
206,5.000
5999,5.385
2173,5.000
634,5.000
731,6.708
1546,1.414
2807,4.472
1315,14.318
3417,4.123
442,1.000
1853,1.000
1337,7.071
6066,14.765
4781,9.899
1112,7.071
5839,2.236
3285,7.280
3463,1.000
3886,7.071
5132,8.246
1636,2.236
5378,4.243
4844,9.220
5769,10.050
2504,8.246
5552,8.062
2168,6.403
1364,6.083
3436,6.708
3396,7.071
1854,5.000
2448,4.000
1533,5.000
17,3.000
808,1.000
757,9.487
2722,10.296
2218,9.055
5470,10.198
272,15.033
507,7.211
5200,3.606
899,5.000
4401,7.280
4584,5.000
3091,11.314
696,7.071
3160,12.369
4480,8.602
3179,10.000
1221,24.187
5746,25.554
5462,7.810
4131,7.071
2154,5.099
1571,9.849
5473,6.000
5373,2.000
5518,6.325
4593,5.000
4485,1.414
4821,3.162
1978,6.083
427,10.000
5499,5.385
4364,15.000
1892,10.440
888,8.944
352,9.899
3523,16.553
727,5.099
4913,7.810
3368,4.123
2837,8.246
4416,4.472
1821,5.385
4925,5.099
336,7.071
5425,15.556
4252,6.083
1611,5.657
2451,6.403
2386,6.000
11,5.000
1300,3.000
2617,5.385
537,7.280
1898,5.099
2666,8.602
965,5.000
3964,9.220
3434,5.099
246,2.236
1526,1.414
5848,7.071
2020,5.099
4707,10.296
4879,5.099
4587,4.123
1142,8.485
4768,5.831
851,4.123
2508,9.220
93,5.657
2318,8.544
4398,5.385
458,1.000
2220,5.831
248,5.000
4523,3.606
1011,3.000
265,1.000
5892,8.602
5121,1.414
3908,4.472
2530,5.657
3326,2.828
3890,9.220
5640,7.616
1195,3.606
3248,6.403
3711,7.071
3292,5.099
666,4.472
5184,2.828
2035,8.246
3663,4.472
5161,17.889
402,9.000
3335,5.000
1995,10.050
5071,6.083
4381,3.000
2562,4.000
3313,8.062
2607,8.000
5563,17.088
4586,2.236
2860,39.623
4828,3.606
5836,6.325
4337,3.606
1613,4.243
5857,4.243
2375,11.045
2122,5.831
4001,12.042
5747,27.514
4366,14.318
1174,34.059
4202,111.018
365,6.325
3638,4.123
1993,2.236
157,15.264
5255,12.530
3064,27.166
2434,5.831
4734,15.811
3175,5.831
2803,7.280
5346,7.211
2133,8.062
1749,11.180
1354,21.260
2827,18.439
1272,2.236
2583,5.000
5911,6.083
3836,3.000
5349,7.616
4037,14.560
5710,8.544
3602,14.142
2198,6.708
1742,6.708
5482,42.438
5198,6.325
749,5.000
4362,5.099
261,26.420
4702,17.464
3028,3.162
3750,5.099
1292,3.606
4348,10.296
1561,8.544
136,2.236
2658,10.817
3271,7.211
5648,3.606
1482,2.236
866,7.280
2284,12.207
2842,8.602
5515,9.487
1278,13.601
2226,4.472
5734,5.099
5307,6.000
1160,5.831
5257,11.402
5431,3.162
6029,2.236
4331,2.236
5381,4.472
3569,2.828
3256,4.123
4258,2.236
3585,5.831
591,11.662
4753,4.472
2388,12.369
3915,3.162
3453,13.928
1192,8.944
5021,7.616
1686,4.243
2380,6.325
1908,7.616
1468,7.000
6070,7.071
25,8.602
1291,12.000
2467,5.385
2228,8.246
6067,12.083
2957,12.042
3013,9.487
5401,14.765
4719,5.831
5771,8.062
947,4.123
650,2.000
4697,6.325
1186,7.616
2835,6.403
3282,15.811
332,4.472
1427,34.828
2068,5.000
3234,16.125
4431,11.314
4213,5.385
5603,9.220
3703,6.083
5616,8.062
5792,12.806
2319,5.831
2298,7.810
4189,6.403
1569,7.211
4342,9.487
3647,5.099
4885,8.485
1757,9.434
6089,7.810
3487,11.705
5851,5.385
1938,7.280
1389,5.385
567,9.899
1771,9.434
5342,7.071
3345,10.817
4505,4.243
2970,7.810
797,7.280
3871,14.866
2765,7.280
241,11.180
628,4.123
5794,8.544
4446,2.236
4825,7.810
5681,8.062
5408,2.000
4814,3.162
6068,5.099
1975,8.602
2312,8.544
2265,15.232
1555,5.385
5030,2.236
2302,1.000
551,4.000
3153,10.440
2357,10.630
3024,8.485
5506,16.125
1132,14.318
653,4.243
2107,8.944
4444,4.243
1824,8.944
2266,3.000
2410,4.123
4163,3.162
550,8.944
1129,7.071
2832,7.810
3157,8.246
39,26.627
1331,7.071
1512,6.325
5024,7.211
4427,6.083
3427,4.123
3583,1.000
4196,11.180
1831,11.180
2948,1.000
312,1.414
838,10.296
3176,7.810
3586,7.071
4349,10.000
2392,2.000
6108,9.487
269,14.866
12,17.464
2235,6.708
321,15.232
1715,6.000
5313,2.000
2409,5.000
5686,8.602
3070,4.472
482,6.403
4511,4.123
621,7.280
5651,7.211
924,6.083
4448,6.403
4507,7.616
4151,2.000
739,5.099
4094,2.236
1665,3.606
309,4.123
3624,4.123
59,7.616
4292,5.000
4886,2.236
3456,1.414
262,3.162
1850,3.162
2492,2.000
6102,3.606
5907,8.062
4264,6.403
101,7.280
4765,8.062
4951,6.083
308,5.831
3548,8.062
3958,20.248
3670,10.000
3389,2.000
2893,13.416
741,10.817
1344,13.153
6118,7.280
4933,5.000
4456,4.123
582,9.487
3210,12.369
5572,8.602
5776,10.000
2662,9.220
2996,14.765
4703,8.062
3708,12.649
376,17.029
2012,7.810
1200,17.029
1924,5.657
3344,13.454
3258,43.738
3809,34.438
5611,14.318
5575,15.000
5420,26.306
600,6.403
2863,3.162
5685,7.810
1814,21.095
2558,13.038
2672,26.249
1672,8.062
4619,7.616
1909,25.239
2326,4.472
788,4.123
712,6.325
5170,4.000
1095,6.325
1931,8.246
3755,12.042
1007,6.708
4562,5.099
1407,5.000
2161,2.236
5900,5.657
3134,2.000
5032,5.385
3197,5.000
3067,8.602
5925,11.662
1024,5.657
5163,2.236
3218,2.236
3466,7.071
1969,5.385
3017,18.358
3354,19.026
5007,2.236
5512,18.248
4681,6.083
2573,9.487
3446,6.325
3232,1.414
2222,14.142
2727,10.198
720,5.099
4758,10.630
2764,9.899
5675,16.031
1329,46.648
1852,7.000
1456,4.000
3710,9.220
2744,21.095
1654,38.601
3373,30.871
1917,66.483
1273,30.480
2016,116.069
4958,37.577
531,20.616
480,10.440
6026,3.162
1904,3.162
3686,5.099
2172,2.000
2260,10.630
3643,7.211
3222,8.062
3080,53.666
1376,14.866
4901,19.235
3497,18.028
1150,13.601
2041,22.361
596,65.000
993,6.708
1116,10.770
2767,12.166
2236,34.015
2503,11.000
4534,10.440
1804,22.091
1605,10.050
3997,27.203
5888,10.198
6054,7.280
2135,15.652
1226,12.207
5666,32.558
1614,12.042
128,20.224
707,20.396
2698,5.000
330,3.606
2743,6.083
240,9.849
3327,2.236
439,3.606
4564,6.708
1074,18.439
4049,28.792
2933,18.974
5941,7.810
1777,28.302
5004,3.606
4902,6.325
549,4.472
4217,28.844
824,54.424
88,10.770
4896,3.162
4206,9.487
728,23.770
5800,9.055
5669,13.892
5232,10.000
478,11.662
5150,2.236
2775,5.385
4355,10.198
4842,6.000
4219,10.817
199,15.232
1846,10.770
1444,10.770
6124,13.454
6080,12.042
1380,18.682
2404,9.434
763,14.318
1193,11.402
2714,1.000
4323,5.657
3987,8.944
5840,8.944
5299,4.472
921,13.000
5532,8.000
3724,5.831
4645,4.000
3985,4.472
5050,5.000
4622,4.123
1078,8.000
984,10.050
3266,12.728
5962,8.602
1681,7.211
4441,7.211
3138,10.770
4078,12.207
2072,7.000
5407,10.000
5613,8.485
685,2.236
5529,7.211
915,13.153
629,7.616
5119,8.485
5264,9.055
1017,7.810
411,10.440
1746,7.000
1748,5.657
6075,7.071
1947,10.296
580,8.062
5041,23.854
1227,7.071
3029,13.000
1901,41.000
6100,9.220
2165,11.402
486,21.024
1042,15.524
3183,12.000
5435,59.481
2945,26.420
2604,10.630
213,20.100
2365,18.000
5223,10.770
5931,13.892
224,37.216
574,12.530
5497,22.804
980,31.906
994,33.302
5617,10.000
2695,2.828
1990,4.000
1365,4.123
2759,5.385
4782,2.236
3142,10.198
424,2.828
772,6.000
4253,20.616
2401,17.029
5208,5.000
5398,6.083
649,18.439
5718,5.000
4487,29.411
5779,32.650
3665,9.220
2444,7.616
3707,6.325
2084,11.402
5786,21.587
4779,7.280
2568,13.038
3972,6.708
5739,11.705
1015,22.672
3244,4.472
4673,5.385
5168,12.728
73,8.062
3543,39.051
3783,6.403
4630,58.249
1632,30.067
1888,6.083
4873,22.561
481,35.228
4114,32.280
2514,65.795
3343,15.811
3056,86.093
3714,11.045
3537,9.220
2676,10.198
3689,10.630
3827,1.414
6046,5.099
200,10.296
4396,25.807
2834,5.831
3315,11.045
890,6.083
4852,40.853
743,10.440
5160,6.083
1133,4.123
3789,61.400
1348,4.123
3333,5.831
4578,79.177
5429,3.606
2851,86.770
5576,192.338
4592,88.023
1352,11.180
3137,13.416
2193,32.016
543,12.369
638,11.705
5085,13.342
430,11.180
4369,3.606
5883,6.403
3267,10.000
52,6.403
5298,5.000
372,4.243
896,13.601
5843,7.211
1080,3.606
3726,7.071
190,7.071
1014,3.606
4120,1.000
1144,5.385
2385,12.806
861,2.236
3892,5.385
1091,5.831
4641,4.472
5647,9.849
5271,6.083
2986,12.083
1464,15.811
5939,5.000
561,6.403
3877,17.263
5098,10.000
3690,5.099
3502,14.142
3402,4.123
4334,12.042
3507,9.220
4793,3.000
6024,19.209
2844,3.162
5694,17.263
6030,8.246
4461,20.591
1231,13.038
4863,9.220
4895,4.243
3588,9.000
1798,2.236
2977,5.099
3468,17.464
98,1.414
5803,34.132
3068,17.720
2190,19.000
3172,38.288
5296,57.201
2782,22.672
3564,7.810
30,1.414
140,11.180
4855,25.495
479,49.041
4865,7.280
4786,1.414
1059,5.657
5944,6.708
3420,14.318
3609,21.024
3165,9.055
156,5.000
2314,7.211
6093,13.416
3667,6.708
5471,4.472
1282,9.434
2903,9.487
4363,2.828
50,10.198
1432,4.123
1695,13.454
3110,7.280
3079,8.062
4127,4.000
733,9.000
2934,15.133
1599,51.662
2456,22.804
5337,40.262
4013,54.562
5920,8.544
45,7.616
4580,15.232
6033,14.036
1037,16.031
632,6.403
5484,6.083
66,12.042
176,28.862
237,53.600
1203,10.000
1347,33.956
307,2.000
1885,41.049
2197,4.123
2019,13.601
5238,17.088
3746,17.000
318,32.527
1929,43.174
4788,15.652
5652,5.831
2988,9.220
528,9.220
2613,8.246
1707,11.180
2442,14.765
718,9.899
1622,28.284
2641,74.686
5819,66.370
4726,26.627
3696,46.755
6034,7.810
803,19.000
4288,13.038
5455,4.123
425,3.606
1102,8.062
1716,7.810
4692,5.385
2305,26.077
429,29.069
1370,34.670
2119,23.854
5367,5.000
3817,7.071
3246,20.248
5705,13.000
2940,4.123
3616,9.220
2778,5.385
900,9.220
5922,13.038
3982,1.414
5108,16.492
534,16.279
1572,37.696
1082,12.166
4081,26.000
595,75.107
3574,31.145
5416,11.402
2735,7.616
2331,24.413
4170,16.279
2493,11.180
1856,13.892
5943,7.211
23,16.492
175,15.811
5075,14.422
1055,20.000
2547,22.091
1807,12.369
5140,26.926
3526,11.180
5726,20.000
5109,41.629
2769,2.236
4512,53.600
5020,63.702
846,13.892
5080,13.038
4011,21.471
2546,19.026
3114,13.000
28,22.672
391,18.385
4764,6.000
214,11.662
3891,2.236
2205,23.854
1763,7.616
1576,27.203
5546,31.257
5534,16.401
3704,38.210
4567,48.765
5801,8.062
426,61.522
1756,4.472
1033,74.673
3798,124.391
5895,10.440
4265,13.928
5564,42.202
2849,54.083
2252,119.541
3450,100.240
225,25.495
1257,160.823
5998,118.474
5838,2.236
364,14.000
1973,204.313
5284,15.524
1204,27.313
4205,6.083
5389,2.236
998,1.414
981,5.385
2730,3.000
1472,4.123
264,4.472
3259,7.211
500,6.403
5328,11.402
1288,11.180
2693,11.402
4009,11.662
4522,11.180
4245,7.071
3832,32.140
950,3.162
2527,3.162
2125,7.810
3145,8.000
4201,5.831
4521,3.162
3962,5.000
3885,2.236
3899,5.000
1010,2.236
2701,4.472
4020,16.401
1566,43.105
3826,28.443
2899,12.530
4654,113.464
3132,6.708
5204,18.439
5698,19.723
6134,3.000
2258,4.123
4837,16.125
4754,21.378
6063,13.342
1084,13.601
5225,17.029
5571,5.000
5295,13.601
1994,8.246
5186,124.680
2470,17.464
827,17.000
63,19.235
2325,16.125
5111,14.765
125,7.810
3094,11.314
906,13.342
2736,7.071
2845,2.828
4555,17.000
4075,15.620
601,21.954
2551,9.487
1310,10.630
1887,16.971
3459,17.000
1521,4.472
340,7.071
3641,10.000
3865,3.162
1661,7.071
1540,15.033
1039,8.062
687,8.246
3515,12.369
2516,13.601
1439,16.279
5703,7.071
5048,10.440
5975,14.036
2543,5.831
5093,9.055
1240,6.325
2152,8.602
620,15.264
3393,7.071
716,5.385
2170,1.414
327,12.083
6122,11.180
4882,2.236
1989,8.000
2117,8.000
4798,5.385
4729,3.162
210,4.472
1517,5.831
1722,6.083
2659,8.000
1736,12.083
3445,6.403
2563,5.831
2539,15.297
4981,7.071
3143,6.325
4774,13.416
860,19.416
4656,12.166
2603,5.385
1166,10.296
3031,3.162
740,6.708
4881,17.692
208,19.105
1551,8.602
3973,14.036
3550,59.548
3830,9.899
673,22.204
5448,16.492
2217,24.000
4789,10.050
3534,7.810
1139,9.220
1963,5.000
4854,14.560
3066,11.402
577,18.788
4070,41.231
1247,8.602
1307,13.601
1381,7.000
834,8.062
2758,10.296
644,17.029
1863,11.045
2818,43.863
6132,3.606
4581,5.385
2082,6.403
4569,28.018
5036,70.880
847,7.810
1643,26.249
2272,12.649
4701,9.849
4949,7.211
2095,6.403
780,14.142
4594,3.162
3788,15.811
4849,14.142
2109,41.437
4067,22.000
1525,14.866
3314,26.000
5177,10.198
2160,13.342
3299,15.297
1502,36.346
287,20.248
3618,10.296
5850,12.042
197,13.153
1436,9.220
250,16.763
4712,8.944
5842,9.055
1950,10.198
5638,19.416
5872,7.000
2566,13.454
385,21.024
1849,22.204
4463,8.246
710,13.000
1398,15.000
1418,16.155
1068,23.537
4021,11.402
4141,28.844
5796,19.723
5468,19.723
187,9.055
674,3.606
4964,2.000
3721,45.651
5247,12.042
5749,11.314
4847,12.530
3166,8.246
2431,8.485
1475,8.944
1893,14.142
1741,20.518
5540,6.325
2364,13.038
43,8.602
3030,12.649
3928,5.000
5860,22.672
603,13.928
4870,7.810
3188,7.616
105,16.763
2841,22.000
2526,9.055
3764,11.180
1478,15.033
4132,20.248
3470,26.077
1773,21.260
4092,29.155
4222,27.019
436,80.957
474,18.868
1627,16.155
432,91.241
530,8.246
2905,1.000
3106,15.811
5376,36.139
4905,30.083
5591,3.606
1119,4.472
4561,10.198
5016,25.239
3831,71.421
251,37.000
1206,7.616
284,10.770
2859,16.492
388,17.088
541,12.083
978,9.220
1125,16.553
2836,12.042
1465,12.207
2606,12.806
3843,9.434
5286,7.616
3715,13.416
3495,3.000
6020,8.602
5646,14.318
938,8.246
6072,1.414
3424,12.207
2397,21.095
5586,12.806
2229,33.615
2896,10.440
4007,14.560
1107,15.033
4990,15.033
2799,17.117
1878,6.708
4031,18.111
3177,7.211
3496,3.162
3887,8.246
2127,18.868
762,46.098
1435,28.636
236,52.773
3325,13.342
2384,16.553
2393,9.220
1510,14.000
4300,49.739
2599,57.009
2156,3.162
5442,10.440
4987,13.454
4117,10.000
78,4.472
2288,10.050
1683,11.045
4817,15.133
961,13.153
6104,12.207
3400,5.000
3008,5.099
1333,12.042
4493,28.653
1026,9.849
5327,17.889
1498,5.099
4168,16.492
3199,21.095
2584,14.036
2999,10.817
1568,10.440
678,9.899
1157,17.464
2660,15.556
5487,20.616
6,11.662
304,24.187
2120,21.190
602,18.439
2838,14.142
3026,29.547
2578,14.318
3930,66.483
5354,9.434
3041,103.812
1705,5.831
5235,11.180
2438,6.083
839,8.602
4827,14.142
5028,8.544
2737,19.026
3893,11.705
2277,13.892
49,7.211
858,9.055
2350,21.840
2906,21.024
1297,9.055
320,28.302
1624,88.459
954,12.042
4791,45.188
460,16.031
2843,116.090
235,145.248
5095,103.233
3924,36.770
4161,93.622
5733,65.437
5790,16.155
5037,11.662
4864,15.264
3735,27.659
4618,13.000
3022,40.050
2857,5.000
4439,5.831
4246,10.770
510,10.440
378,21.954
5505,11.662
1339,21.401
909,49.649
5481,24.331
3465,15.811
2910,128.658
1867,15.811
5948,8.944
538,8.246
1752,6.708
1440,8.000
2884,23.770
4805,2.828
512,26.926
2681,8.944
623,5.000
1842,5.000
2466,8.062
3632,33.601
1717,17.804
29,146.031
1198,239.885
3002,4.123
2031,17.464
276,13.454
1121,5.831
5882,6.708
2028,7.616
4533,22.804
289,29.411
3757,4.123
5287,6.083
4960,13.342
3425,14.213
2757,23.087
4030,7.810
3533,5.831
5478,4.123
870,2.000
853,3.162
4644,11.180
5097,19.313
4835,80.324
2093,118.431
4112,5.385
4558,4.123
1229,4.472
2921,31.305
4317,5.831
5131,83.546
3682,25.318
1739,133.959
4526,28.160
1143,272.683
2822,47.424
6036,286.248
968,38.639
4903,5.099
5585,13.342
2802,11.045
305,6.708
4728,4.123
1050,9.220
1324,8.944
2694,15.297
1826,21.541
4072,9.220
2715,16.553
2529,17.263
4961,23.770
4417,42.450
5655,20.025
2293,7.211
5289,8.000
1933,58.830
3263,29.017
2833,114.237
1128,23.259
2181,97.801
3037,24.166
3979,13.153
2930,16.031
6015,19.026
852,15.133
2058,17.720
2202,21.213
4199,12.042
5835,11.045
3499,16.125
936,4.000
3211,8.246
903,9.434
6011,7.280
1575,5.831
2518,16.643
1317,83.187
3414,7.071
1567,7.280
415,16.401
4319,11.402
5480,8.602
5266,11.045
469,20.809
2619,10.770
6056,17.263
5220,6.000
4687,15.297
4488,11.045
2748,7.280
3440,10.050
3961,10.770
1952,5.831
34,8.062
3610,8.544
4174,4.472
3614,3.606
2682,18.358
5759,5.831
3486,26.476
5964,18.028
1451,2.236
3111,35.000
2017,65.788
4380,23.537
4815,13.038
3875,6.083
2105,6.000
1184,8.602
3986,3.000
5172,5.000
4680,5.000
4749,20.025
5019,24.083
3076,12.042
2021,10.440
2457,9.849
4101,9.434
1617,10.296
1321,17.029
6032,5.000
2178,7.071
3334,2.236
5413,8.246
2912,5.385
2490,2.000
2552,2.236
6018,6.325
1595,10.000
3490,22.204
1222,20.000
477,13.153
4956,10.296
1738,12.369
5577,14.318
5750,17.000
1519,11.662
4259,12.042
4053,4.000
3816,7.280
1696,17.088
5344,11.180
3917,7.616
6128,11.000
2449,19.105
2064,9.434
2651,9.899
3224,14.765
5280,8.062
3437,16.155
1951,20.025
3109,2.236
3804,9.487
3251,5.385
2355,7.071
2577,9.220
5042,8.062
952,7.616
3734,6.708
2749,7.616
1405,14.000
4195,6.325
2334,3.162
3872,6.708
259,5.099
813,25.080
5214,26.019
3981,10.296
1508,21.932
1497,46.174
2247,6.083
373,3.000
4591,7.000
3508,23.195
3209,13.601
1491,7.810
1463,16.401
2153,3.606
1429,162.348
5171,59.666
679,25.962
1371,2.000
553,17.464
1796,10.198
324,8.944
2183,11.180
3167,5.099
2883,20.025
2047,62.201
556,101.242
2313,33.734
1635,36.139
2006,16.155
3055,20.616
174,13.454
2500,10.000
1939,11.180
2958,8.544
5061,9.000
4482,4.243
3802,7.071
5303,7.211
1323,6.403
2447,15.033
1523,34.785
42,7.616
171,21.378
5599,7.280
1181,6.325
2625,6.708
692,30.414
62,14.765
3589,27.203
1280,5.099
5602,11.314
4232,10.296
4388,5.000
1868,7.280
5248,13.601
4613,6.325
3154,9.220
3395,5.099
3382,10.630
5312,6.403
2010,5.000
3654,7.071
2275,3.162
5829,7.810
1049,6.000
5475,4.000
2424,8.602
5622,9.220
5539,5.000
5541,6.000
1308,7.280
5259,5.385
4746,4.123
1176,9.487
794,5.000
2878,10.000
2426,5.385
3611,4.243
5361,4.123
1506,5.385
3913,11.045
3481,7.211
1630,7.211
494,6.000
3332,11.045
1346,12.083
2346,5.000
2402,8.062
2611,7.616
5678,10.296
1397,9.487
976,5.831
5181,12.042
2711,5.000
1680,8.062
902,7.071
2615,13.342
5561,6.083
2825,6.000
2056,14.036
636,3.606
3784,7.000
4547,8.062
575,5.000
3362,7.280
3065,5.831
5521,5.831
1538,19.799
2800,12.806
3300,2.000
5635,4.472
1992,5.000
5716,9.220
1190,16.401
4474,7.810
4621,2.000
4177,8.544
1881,3.162
2873,3.000
3719,3.000
5549,4.123
4717,6.708
4720,2.000
680,9.000
615,7.211
5566,2.000
3007,5.657
799,2.000
5424,3.606
2320,6.325
2891,2.236
5012,6.000
3482,8.000
5330,5.831
5388,4.123
1536,11.180
166,5.000
724,7.616
5382,9.220
744,8.246
3531,7.280
266,10.296
1263,7.616
5604,6.325
5607,9.055
3786,15.620
2643,8.602
4086,4.472
1883,5.000
462,7.071
2328,5.000
2982,14.142
4443,28.018
4277,20.616
1168,5.099
120,8.485
4812,6.083
5972,5.000
5682,12.083
3635,8.246
428,8.000
4082,5.099
5233,7.810
5513,5.000
4239,7.280
280,9.434
4549,4.243
3603,5.000
1692,8.246
3269,4.123
4650,8.544
642,11.662
2092,13.153
3948,11.045
2435,12.042
3296,5.385
6048,3.606
1101,8.062
4278,9.220
2646,13.038
529,7.616
5364,6.708
5201,4.472
3807,5.000
5501,14.560
3062,9.487
5461,10.050
4991,9.055
648,9.849
2143,6.403
5828,17.088
5390,15.524
3983,26.926
1942,14.560
2027,7.616
2279,4.472
4184,5.000
795,24.166
6120,5.000
339,17.088
4267,21.260
2255,17.464
2108,9.849
5275,17.493
3277,10.630
2806,11.180
1314,6.083
3095,16.401
2094,8.602
5854,4.000
4620,4.243
657,8.062
5017,11.000
2511,2.000
16,4.123
1795,3.162
3619,4.123
2515,5.831
138,7.000
4588,2.236
3074,3.162
2914,4.472
5804,6.000
3819,5.099
3676,8.602
3561,6.083
3527,9.055
904,10.770
6031,10.000
2947,2.828
3340,8.246
2174,4.000
2033,3.606
1274,5.385
2728,5.000
4418,13.342
3906,8.944
5654,6.708
5772,4.000
2481,5.000
3606,5.099
4492,11.045
3901,11.000
5867,5.831
4153,2.236
4752,5.831
922,5.831
5770,2.236
5325,6.403
4370,7.810
3713,6.083
2870,3.162
3460,12.728
3075,7.071
1787,1.414
2886,7.071
3116,3.606
3144,6.403
2875,5.000
5809,7.616
5778,19.799
2798,6.403
5896,5.657
2296,3.000
972,21.260
4978,3.606
4121,6.083
3148,5.099
655,11.705
2926,7.211
4606,9.849
3073,2.236
412,9.434
5301,8.944
2915,16.492
2340,7.810
1873,9.434
812,5.099
4442,3.162
1744,11.402
1402,9.220
4140,2.000
1140,4.000
257,3.162
2335,3.162
2636,5.099
1043,4.000
5639,3.162
893,4.243
1277,3.162
1515,4.123
5981,6.083
585,4.123
4537,7.211
4409,2.236
5128,6.325
41,3.162
1296,5.831
1249,7.810
1855,5.000
4544,7.071
4790,7.211
334,6.083
5142,7.000
5057,7.071
5938,9.000
3552,4.472
1058,11.402
5862,10.440
10,5.099
2596,3.606
4404,5.000
1642,7.071
6005,8.485
5242,4.472
1935,5.000
3063,7.280
2994,16.401
782,6.403
2039,10.440
2721,9.055
4393,5.000
616,4.472
3938,3.606
2555,6.708
2708,7.280
654,5.657
3956,8.062
2147,8.544
3189,4.123
1581,10.440
2816,19.849
5516,5.000
5000,6.083
4425,11.000
3873,14.318
4520,5.000
4473,12.166
1401,3.000
4227,12.806
5372,8.544
663,10.440
2352,11.402
3584,15.811
1542,10.440
564,11.662
5979,24.042
1833,13.000
764,5.831
5216,11.705
4888,7.071
4490,7.810
4740,3.606
3376,8.602
1961,20.396
2598,8.544
2895,33.015
3978,5.385
1334,11.402
3051,10.440
2630,13.416
1455,8.602
1373,10.000
4256,18.028
5039,10.296
4899,12.369
4464,18.788
5224,8.602
3399,5.000
5087,8.544
3411,9.220
5859,21.954
1900,8.544
4556,4.243
5555,1.414
185,15.811
3083,8.000
1244,8.062
3912,17.493
1301,8.000
1075,14.142
6042,10.817
2633,13.153
1862,20.125
1345,7.810
1621,14.765
5418,17.464
5583,9.000
6083,13.038
929,4.472
2809,6.325
1891,11.180
2724,10.296
5798,24.083
6022,23.195
2459,7.280
3658,5.000
2099,23.022
118,3.162
624,3.000
5466,9.000
5432,9.055
3993,3.000
3994,8.062
5956,6.083
3363,15.000
4402,6.708
4225,9.000
5005,12.083
857,26.476
3905,35.228
2683,5.099
2333,3.000
4663,4.000
4816,58.822
3201,9.849
5910,13.000
2639,4.472
4103,5.657
5806,6.000
418,12.042
3910,21.633
4406,29.155
2609,11.180
2321,15.620
5645,26.401
1817,13.000
1507,20.000
4491,18.439
4328,23.022
3520,5.385
957,16.000
1048,5.000
2231,23.345
2075,7.000
546,12.530
790,8.544
4989,4.123
1189,5.385
912,15.652
5863,14.318
4419,16.643
3733,9.849
4090,16.553
1430,8.944
1541,6.708
5899,9.055
495,10.050
5928,6.083
4430,18.439
5959,16.125
1874,23.087
956,4.243
2796,24.331
4251,13.038
5226,111.647
3040,18.028
1597,20.000
1918,25.318
1136,18.682
2612,10.440
840,7.280
1158,6.083
3810,26.019
3727,8.062
2554,12.806
2013,13.601
4632,26.401
2567,38.588
5742,25.239
3652,16.279
814,26.173
703,22.023
4257,55.227
2274,13.601
4076,43.417
5791,92.650
6123,49.980
5802,14.213
444,26.833
3954,9.055
124,75.166
1085,23.195
1267,5.099
1820,10.817
4685,2.236
5459,12.530
5454,8.246
2407,2.236
2979,2.828
1660,11.045
3152,4.243
79,7.211
886,4.472
2137,5.657
5352,8.062
2360,7.280
802,12.207
2250,5.657
5341,15.264
2762,27.514
6099,5.657
1583,9.220
5040,3.606
4048,3.000
4684,4.123
1761,12.166
3058,10.050
4125,4.472
3270,5.657
1505,3.606
4686,6.325
4923,8.062
4477,7.810
1603,11.705
3364,8.602
2034,7.071
2030,5.657
4802,5.831
5178,2.236
2961,7.071
2989,10.050
590,7.616
3762,3.606
3432,10.000
1730,12.042
316,4.472
1982,6.325
1426,5.657
4510,3.606
2322,8.544
5966,5.831
1341,21.932
1066,5.831
4751,9.899
4614,9.055
2997,11.662
3384,10.296
3770,19.026
5760,13.342
4185,17.464
2531,19.235
1079,8.602
2980,12.042
1675,20.100
1202,11.045
4311,4.000
4346,3.000
489,7.071
4203,15.811
501,10.000
2785,9.849
2332,14.213
1834,3.606
2458,10.817
3021,4.243
1245,17.029
2450,13.454
3418,8.000
3352,7.071
5392,19.313
422,5.000
5143,9.849
3625,3.000
1659,7.616
2083,6.403
5469,12.369
4655,12.649
2185,5.385
3380,8.544
1765,14.036
2269,29.120
3655,7.280
571,16.031
196,5.657
2460,5.385
4234,12.207
2261,7.810
3728,2.236
2399,8.062
3458,10.050
3630,17.029
3575,17.205
1600,9.220
5314,8.602
2741,8.246
4867,43.681
2159,38.484
995,5.831
5553,14.142
70,8.062
4343,7.071
751,13.153
2768,4.123
3825,5.385
2864,20.000
752,48.301
4934,11.662
3517,7.616
1239,10.440
2121,1.414
2000,6.000
229,2.236
2382,4.472
5127,5.000
4248,3.162
5395,7.071
1997,2.236
3147,4.000
4481,3.606
4909,5.099
754,7.211
3375,8.062
737,30.414
1083,6.708
2002,2.236
1528,26.249
1836,13.153
5243,9.487
4529,10.817
4761,8.062
608,5.000
5374,16.279
1728,8.000
878,35.511
4679,10.630
711,33.422
4597,7.280
2972,2.828
3546,11.662
1355,15.133
5438,25.495
4566,43.738
4999,72.567
4069,12.042
5961,6.083
3666,9.899
3378,11.180
1180,35.228
4098,13.601
2246,10.000
5180,11.662
3571,13.454
2343,30.806
4550,17.088
1865,48.166
5699,9.220
3896,15.524
3941,8.544
734,16.401
4822,16.125
3797,37.590
3828,20.396
2253,29.275
1559,8.062
354,11.402
4723,21.190
4102,7.280
5916,7.211
4691,5.385
2316,13.342
5451,5.385
3239,6.325
955,5.000
820,9.434
143,7.071
5293,9.000
637,12.000
3937,10.817
1141,11.180
1076,12.369
1674,12.083
4516,12.042
5827,13.601
5833,5.385
1384,11.402
4280,14.866
5820,11.180
2848,17.088
2597,96.260
3238,11.180
4243,5.657
3679,9.849
3549,13.038
5573,8.544
5752,9.434
2485,9.220
4073,11.402
1120,6.403
5701,8.246
2520,23.087
1170,37.216
2712,14.866
4249,12.083
1165,7.211
4050,18.385
4133,40.200
884,114.560
3651,9.487
5996,9.055
2338,6.325
454,3.606
2489,5.657
4336,9.434
2654,8.000
1783,15.811
239,12.530
4856,38.639
5547,7.071
1070,73.348
396,242.866
4307,73.824
3261,20.025
3867,10.198
3410,226.318
1729,626.231
3613,47.518
3968,188.322
5493,782.412
3596,9.055
437,17.117
2471,9.487
2251,10.198
859,12.042
4916,23.345
848,8.602
2363,10.000
3104,5.385
4907,2.000
3305,25.942
5136,26.000
3090,17.263
22,8.246
3045,73.437
1965,14.318
3990,6.403
4971,3.162
5120,6.325
6053,7.810
4146,53.824
1030,4.123
4545,2.828
3447,5.099
2506,15.232
4063,9.434
2924,4.472
2374,5.831
5479,6.000
2679,9.055
3542,30.414
516,9.220
4992,4.123
3780,8.246
4068,9.055
4454,9.849
54,7.211
2179,19.209
2499,8.944
2306,16.279
4705,10.440
5517,9.487
2189,4.123
4306,23.707
2776,5.000
5385,11.662
1704,7.000
4027,7.211
821,10.050
1652,3.000
992,7.280
614,11.180
2733,17.464
4326,8.246
4898,2.828
4532,10.000
1100,18.358
2917,9.055
5523,7.810
5990,15.264
130,4.123
647,3.606
2353,3.606
3765,10.050
4128,14.866
4015,7.616
5090,5.385
3319,5.000
1224,11.662
3260,3.000
2984,10.296
5343,5.831
2726,12.806
1052,6.403
6087,11.402
2865,9.220
805,15.811
3351,9.220
2055,11.045
3123,25.080
4137,37.216
4006,10.000
2976,4.472
2123,20.616
6002,7.071
514,15.811
2089,25.020
5045,17.692
5609,12.806
1899,8.062
1164,22.561
1175,11.000
4755,13.342
4054,55.317
4539,25.298
4413,36.674
367,66.408
1410,103.755
5522,106.005
2501,70.007
2018,1125.400
5723,16.125
317,20.000
4528,16.279
1669,214.220
2048,14.318
1727,8.062
1220,5.000
5754,15.652
997,41.000
2289,157.137
405,95.131
3737,22.561
5788,34.438
3677,12.806
5550,13.153
3745,94.372
5677,22.561
1069,30.676
589,6.403
2349,6.403
4083,7.280
5124,13.153
6129,17.464
3,19.698
5544,15.000
3511,33.377
5889,6.708
5147,21.095
1306,15.133
4281,29.275
5963,2.236
4920,29.732
5077,51.865
5596,30.480
5246,21.095
5581,20.881
4057,3.162
969,30.676
2351,7.211
3742,5.000
2088,16.763
3121,21.954
2944,51.000
3768,29.967
4608,7.616
5474,14.000
4250,21.633
4889,14.765
1146,47.011
2171,147.462
371,141.598
5152,401.171
1094,8.062
2061,36.014
32,6.708
930,7.616
765,16.031
5149,6.083
2303,9.899
3838,7.280
869,31.145
5662,11.180
6125,6.708
964,8.062
5868,2.236
347,10.630
3944,6.083
4447,8.062
2507,3.162
1286,7.211
3889,17.692
3874,4.000
3525,6.000
1668,10.817
2935,9.055
5830,10.050
1548,2.236
3984,9.220
3597,11.045
3881,9.487
1604,6.403
435,5.831
1634,2.000
2975,4.472
934,5.831
5260,6.708
5240,8.544
3852,5.385
5601,9.487
5614,10.296
3909,16.125
1768,15.297
4472,5.000
4866,5.831
867,9.220
5183,12.728
1045,25.000
3633,10.000
1044,41.110
223,47.760
1483,47.011
69,5.657
299,13.416
4040,26.571
1987,7.071
440,13.038
6057,12.369
1172,21.378
1298,27.295
4455,5.000
2524,9.487
5936,5.099
3760,14.213
6113,10.050
267,5.385
730,15.264
5697,10.000
942,8.544
3604,8.062
4747,4.243
945,19.105
3621,5.385
4479,8.062
2959,5.831
91,12.083
162,8.602
4857,7.810
4711,7.071
4915,7.810
694,8.602
1212,7.071
5780,32.062
4387,24.000
3754,35.777
2491,3.000
3895,24.413
3709,3.162
4055,23.022
3386,8.246
184,6.000
2811,10.000
5713,5.000
1149,30.529
4304,39.013
1535,11.662
1648,7.280
4483,17.720
410,5.385
3242,5.000
1312,29.069
3592,8.544
2281,20.616
5397,29.069
4634,30.463
2923,13.000
1537,8.246
1774,8.246
1670,7.211
203,4.243
2998,12.083
96,8.246
2362,7.211
4453,3.606
158,6.083
5912,9.220
1532,21.401
4024,6.325
1726,12.000
2224,41.110
3839,24.042
1685,12.042
5192,1.414
1115,20.025
1488,15.811
2687,13.000
4360,5.000
4883,37.216
503,4.123
5261,14.318
1235,41.485
2793,2.828
583,30.871
4395,2.236
1219,17.692
5579,25.000
2474,8.062
68,52.202
3185,7.616
5869,18.868
4022,34.176
1169,20.396
377,43.966
2445,21.000
4585,1.000
3553,33.838
5490,28.284
1701,8.062
1098,53.712
1760,57.428
5031,7.071
5,128.973
483,22.000
1467,9.055
5322,5.385
883,4.243
676,9.220
464,9.220
4301,3.606
2096,8.062
2688,12.530
3127,6.325
863,1.414
1580,12.207
5774,11.180
4136,12.530
4111,13.601
5249,10.050
1167,7.071
1922,25.020
742,34.438
5270,22.091
4096,23.087
3516,14.036
1242,5.831
4190,3.606
5844,2.236
1051,5.000
1379,2.828
3131,3.162
1350,9.487
5237,6.708
1028,11.314
1443,12.530
4043,2.236
4282,15.620
6047,24.207
777,12.083
5129,25.179
4160,26.870
375,31.064
3369,2.828
3769,11.180
3484,11.314
4150,9.434
2049,5.385
2238,12.166
960,8.062
6105,6.403
4565,15.620
5306,14.422
5711,6.083
4445,11.402
2939,6.083
1309,26.476
2655,10.770
1218,59.228
83,10.770
401,4.243
3195,7.280
4289,20.616
2747,22.627
337,19.235
5919,7.211
5347,47.424
4948,37.108
5094,20.000
572,2.828
2076,10.770
3164,11.314
836,10.296
2761,13.601
6009,45.277
2283,27.019
3918,171.593
5814,36.770
841,155.081
1041,133.929
1972,22.561
4979,118.258
4625,216.231
5978,24.083
2716,82.298
2990,77.156
1792,559.150
3940,27.000
3812,10.000
4285,18.028
1949,14.866
4305,16.125
3020,5.385
1803,8.062
3813,7.071
1872,7.810
1877,2.828
975,13.000
5088,5.000
275,4.000
4912,4.000
3082,4.472
2686,7.211
3756,3.606
3541,5.831
5757,7.211
390,9.849
3128,10.050
3156,11.045
5332,7.071
5292,5.099
3397,5.099
3108,4.472
3642,13.038
5702,12.369
230,7.071
949,8.062
5845,12.083
3687,25.710
3012,10.198
943,7.810
536,19.235
345,28.160
322,5.099
2004,12.042
4845,6.000
3925,8.246
554,4.472
4260,20.809
1776,7.211
1368,12.207
453,6.708
278,12.083
2103,2.236
370,12.042
862,57.201
65,14.422
1153,36.878
2742,31.575
3198,12.000
4503,19.209
2219,3.162
1543,10.000
894,5.000
5073,11.402
959,5.000
5942,5.385
2462,8.062
3307,5.099
831,13.454
4838,5.000
3640,12.369
1372,11.402
4501,6.403
273,11.045
5732,10.630
4946,9.849
3135,5.000
5357,7.071
4333,8.062
33,4.243
5281,7.211
1941,7.000
5630,9.220
2867,13.342
5185,7.616
1837,9.055
5452,15.264
3117,6.403
1471,14.142
2723,4.472
1816,3.162
1400,5.000
6119,5.657
1524,7.280
5934,8.944
1869,12.649
511,12.806
4390,14.318
4731,12.042
3693,19.799
357,8.000
3514,16.763
467,5.000
2871,13.416
1811,4.000
4220,11.180
5230,8.062
3988,5.831
4204,11.705
855,8.246
4652,7.280
4274,6.403
5427,10.050
4091,4.123
6121,6.325
5213,10.296
3023,3.606
3740,3.162
2652,1.000
3992,4.472
1383,4.472
4261,3.162
3820,2.236
948,8.246
2259,6.708
417,14.318
1290,8.544
3791,7.280
1332,4.123
4910,6.083
4727,10.296
67,7.071
3951,5.831
3751,5.000
1047,5.385
3932,5.000
2937,1.000
4543,12.042
576,3.162
2513,5.657
5114,4.000
4908,3.000
5351,12.042
1156,11.402
6058,9.000
2963,11.180
2916,8.246
4917,12.000
2777,11.045
5530,5.000
3240,5.831
4836,9.849
2927,3.162
36,9.000
2483,13.342
1801,12.042
4460,12.042
1971,16.125
3926,10.770
1890,7.071
587,15.652
4637,34.928
1046,11.402
4577,14.318
4880,11.180
4730,5.099
2003,5.000
639,7.280
695,9.055
626,8.544
406,6.403
1081,5.099
1194,8.062
5229,5.831
4830,7.211
294,5.385
2953,7.810
3582,6.083
5102,4.472
2824,2.236
3429,4.123
2029,8.544
5026,2.236
2813,5.000
2669,6.403
4737,6.403
5660,3.162
4315,7.616
5082,11.180
346,5.000
3069,3.162
1539,4.472
4230,7.211
3346,8.246
4894,6.083
2176,3.162
3103,9.487
1088,7.211
2663,4.472
2647,4.123
1356,10.000
1858,6.325
3101,4.000
1065,12.207
3182,8.602
5673,6.403
5318,3.606
5536,7.616
1714,5.831
1631,5.000
4993,5.831
1283,14.000
5623,18.682
4944,10.050
1422,5.000
3829,3.162
539,7.071
1259,11.180
4270,6.325
755,9.220
5913,19.723
256,7.211
508,12.369
1658,7.280
1284,14.866
1351,7.810
4330,6.403
5664,11.180
1486,19.209
3338,6.083
1027,34.015
258,20.616
5524,5.831
2680,8.944
3475,13.000
2389,22.847
1563,9.899
3441,11.180
4554,10.630
2378,12.530
2560,10.000
5826,7.211
3837,5.831
5074,6.403
557,10.050
2746,2.236
2674,3.000
723,3.000
2150,5.831
3413,14.036
3629,15.524
2536,23.770
9,17.117
4145,6.000
1981,7.616
2772,3.162
5736,5.099
2237,8.485
329,9.220
779,3.162
1913,5.385
3004,8.062
3253,14.318
1208,9.487
2294,10.000
298,7.280
90,2.236
1230,3.162
115,3.606
2969,5.000
4936,5.000
24,5.099
6116,3.162
2589,2.828
939,5.385
3554,4.472
1256,7.071
3965,1.414
3664,8.062
1248,11.705
5722,8.000
2026,5.657
3341,8.544
5316,1.000
3036,23.431
2634,11.705
1387,9.487
2586,2.828
1713,5.000
3034,8.544
897,2.000
665,1.414
3081,2.236
2525,2.000
5326,6.708
5106,4.243
4385,7.810
525,23.259
4624,10.000
5365,9.000
4518,10.198
715,7.071
3519,2.236
3159,2.236
3208,8.246
5812,17.720
3284,5.000
4313,25.554
4531,10.000
804,18.868
3622,23.431
4831,42.521
5263,24.083
3241,37.363
3844,12.207
3505,41.881
2854,8.062
2581,9.055
5777,20.616
243,16.279
1682,15.033
4604,2.000
5731,17.029
3929,23.324
244,6.325
3634,5.657
1958,9.487
366,14.318
605,11.180
3950,5.000
3748,10.770
5210,5.099
3370,18.111
4525,14.318
3049,2.236
5049,3.000
2879,35.128
1029,19.313
3730,10.440
973,5.099
1740,4.243
1645,13.038
933,9.434
263,3.606
5595,4.123
548,6.083
3566,16.279
434,36.014
374,2.000
4394,16.125
4341,8.602
3545,35.609
3043,29.833
492,40.162
1735,1.000
4400,5.831
1367,33.000
3122,33.302
5188,34.132
656,17.804
2070,35.468
1232,45.793
5825,19.235
5982,6.403
37,15.264
5831,12.806
4804,25.000
5570,8.602
5174,27.514
3219,13.416
3494,25.612
4244,20.616
3415,13.416
4498,7.211
1073,11.705
4617,3.606
552,22.825
5297,25.000
247,24.739
2755,30.610
2974,16.553
3878,36.139
4167,13.038
3731,18.439
5153,9.055
1710,15.811
182,7.071
966,21.471
4792,28.443
3290,19.105
5764,55.444
1131,11.180
2587,8.062
599,29.833
4118,64.382
4475,29.275
871,19.416
6049,28.160
946,185.408
4748,9.434
3324,17.804
163,21.378
3834,47.760
2007,38.601
58,12.649
4176,32.016
3163,34.655
3405,76.942
215,21.213
3168,21.587
2528,27.459
2887,2.000
3579,34.928
3933,49.041
2071,5.831
86,31.575
3518,42.048
4771,19.647
5331,49.930
4700,54.489
1691,4.123
4147,40.249
3636,10.198
1637,68.819
5086,116.297
4312,23.409
3212,57.306
5914,35.440
4298,197.041
2556,14.866
1421,38.013
5807,8.602
3631,42.942
932,141.439
527,19.235
387,12.042
1023,48.466
2925,44.777
5884,72.250
3513,46.519
774,75.213
610,31.623
1894,4.472
4158,41.629
3125,1.414
3118,10.630
2292,26.833
4775,14.422
3288,77.878
5294,151.003
85,44.777
4671,7.616
4016,49.396
471,5.099
1450,12.166
4018,24.698
2453,8.062
5853,6.083
408,20.100
1838,14.142
5159,20.616
519,24.042
150,38.419
4435,10.296
4986,11.180
4616,5.099
513,7.211
2880,4.243
301,6.403
5729,12.042
4819,5.657
2148,11.180
880,7.071
4952,6.403
4077,7.071
3042,2.236
2954,9.220
1564,2.000
2098,7.071
2398,8.602
3366,4.472
837,5.831
2157,3.606
1845,9.000
2590,3.162
4310,6.325
3215,6.083
1036,6.325
2479,7.071
5405,3.162
4572,3.000
2140,5.385
2801,4.472
1937,1.000
3900,5.000
1032,4.472
1785,4.000
3467,5.099
4739,7.071
5167,6.403
4811,5.099
4371,3.162
4797,5.099
4780,2.828
5269,7.000
1967,7.810
756,1.000
4669,5.831
693,10.770
3442,3.162
5304,5.000
2310,3.606
3478,2.828
5797,4.123
2308,7.000
1499,4.123
923,10.050
5758,11.045
4284,7.000
4783,4.472
4181,22.091
2454,12.207
1790,20.616
473,4.000
5038,6.000
4919,4.123
3559,8.062
5008,8.000
668,2.236
781,4.123
1393,9.055
3920,10.296
3317,2.828
1737,5.000
2496,5.099
4988,7.280
4100,5.000
2052,13.601
504,8.000
3747,14.213
1251,23.345
4432,5.000
3423,14.560
2188,22.023
5783,6.708
5256,4.000
2475,3.162
139,7.280
1396,14.422
3180,16.401
967,6.325
212,2.236
3308,3.606
5205,11.180
2521,20.616
604,13.601
6110,9.220
1926,3.606
5491,5.000
5015,8.602
793,7.810
1382,7.211
4327,6.325
1342,14.318
1241,12.042
5010,9.055
1593,2.236
2278,12.083
1545,10.817
5116,9.899
2770,12.649
5574,14.142
5485,8.062
1921,11.314
1403,13.000
5182,5.657
3301,6.325
2987,10.000
4429,28.018
5366,2.236
3660,51.078
1919,16.279
4391,14.866
1968,34.205
351,38.833
3706,2.828
872,44.777
825,22.023
186,17.117
2664,9.487
3779,9.220
3605,31.623
5221,4.123
5924,30.083
3035,18.248
1366,69.635
2689,15.264
1687,3.606
4820,6.708
4576,7.616
1271,2.828
4639,7.616
2341,12.806
4093,7.071
2248,2.828
2257,14.422
4164,14.422
2502,14.213
3705,8.246
3003,3.162
5967,3.606
5687,10.198
4229,11.402
4996,29.411
3680,43.932
5593,50.329
2377,105.688
3581,27.203
1712,121.631
4598,7.071
5642,11.314
2756,5.099
5164,7.810
671,10.000
5146,8.062
1880,2.828
3347,7.280
4375,6.708
5218,8.062
2465,3.162
3048,7.616
5927,3.606
3661,5.831
5594,10.440
738,5.000
5091,5.385
1318,24.187
5881,11.662
3371,16.279
1650,1.414
2022,6.403
4714,8.246
4365,2.000
14,20.616
110,1.414
3452,4.123
3939,7.280
753,4.123
333,34.928
2706,72.346
3512,44.643
1772,1.000
2494,3.606
5993,9.220
3884,7.000
5380,9.000
2420,39.205
2180,8.944
1530,6.325
3265,3.606
3639,26.077
161,82.292
4350,2.236
4732,13.038
640,71.253
77,17.205
1494,28.862
5633,9.220
5528,5.831
2960,62.129
1340,359.234
2540,7.071
670,74.525
2286,11.000
4995,23.345
2700,5.385
1228,8.062
5588,2.828
112,6.083
5970,4.123
5597,19.416
1754,20.591
3294,2.828
3594,14.213
5748,14.866
1903,14.422
5317,54.148
5874,117.068
725,67.543
3249,144.125
2852,284.677
472,315.767
4651,307.358
1457,9.000
1419,83.241
864,18.439
2656,17.889
5968,75.644
1446,74.726
4035,168.585
4088,1208.189
5554,171.172
3303,217.830
5789,148.408
2015,444.649
3455,33.121
413,346.482
625,200.370
3716,322.244
2673,75.180
798,44.283
1147,34.713
2090,92.574
1861,157.035
5207,39.623
2336,656.195
5300,405.901
21,210.839
3741,1147.495
3650,86.400
5089,312.170
1800,1.000
2505,98.250
4966,21.024
4470,55.000
5849,13.000
5321,4.123
3403,190.536
3320,686.135
6041,7.616
796,93.005
2416,42.485
986,1302.174
3336,709.558
5629,245.791
4674,291.707
991,2394.456
